{"sidebar-1":{"search-2":{"title":""},"text-2":{"title":"","text":"<img src=\"https:\/\/c2.staticflickr.com\/6\/5139\/29755605282_a2444048c3_o.jpg\" alt=\"banner 300x600\" title=\"banner 300x600\" height=\"600\" width=\"300\" \/>","filter":false,"q2w3_fixed_widget":1},"idblog-rp-1":{"title":"Recent Post","idblg_category_ids":[0],"idblg_number_posts":5,"idblg_excerpt_length":55,"idblg_excerpt_more":"[\u2026]","idblg_title_length":40,"idblg_hide_current_post":false,"idblg_show_author":false,"idblg_show_categories":false,"idblg_show_comments_number":false,"idblg_show_date":true,"idblg_show_excerpt":false,"idblg_show_thumb":true,"bgcolor":"","color_text":"","color_link":"","color_meta":"","q2w3_fixed_widget":1}},"footer-1":{"recent-posts-2":{"title":"","number":5,"show_date":false,"q2w3_fixed_widget":false}},"footer-2":{"recent-comments-2":{"title":"","number":5,"q2w3_fixed_widget":false}},"footer-3":{"meta-2":{"title":"","q2w3_fixed_widget":false}}}