{"sidebar-1":{"woocommerce_product_search-2":{"title":""},"woocommerce_product_categories-2":{"title":"Product Categories","orderby":"name","dropdown":0,"count":0,"hierarchical":1,"show_children_only":0,"hide_empty":0},"woocommerce_price_filter-2":{"title":"Filter by price"},"woocommerce_top_rated_products-2":{"title":"Top Rated Products","number":5}},"footer-1":{"woocommerce_products-2":{"title":"Featured Products","number":3,"show":"featured","orderby":"date","order":"desc","hide_free":0,"show_hidden":0}},"footer-2":{"woocommerce_products-3":{"title":"On Sale","number":4,"show":"onsale","orderby":"date","order":"desc","hide_free":0,"show_hidden":0}},"footer-3":{"woocommerce_recent_reviews-2":{"title":"Recent Reviews","number":3}}}